node,state,P(state=1 | is_vul=0),P(state=1 | is_vul=1),delta_(is_vul=1-minus-0)
delete-node_Annotation_Method,0,0.9938391999017215,0.9760039291675331,-0.017835270734188446
delete-node_Annotation_Method,1,0.006160800098278666,0.023996070832465646,0.017835270734186982
delete-node_Annotation_Parameter,0,0.9995929770150818,0.9936724130102899,-0.005920564004791906
delete-node_Annotation_Parameter,1,0.0004070229849183238,0.006327586989709745,0.005920564004791421
delete-node_Assignment_Block,0,0.9735121093913792,0.9693000674811835,-0.004212041910195752
delete-node_Assignment_Block,1,0.026487890608621688,0.03069993251881463,0.0042120419101929416
delete-node_BinaryOperator_If,0,0.9886708461003263,0.9641262903227792,-0.024544555777547106
delete-node_BinaryOperator_If,1,0.011329153899674161,0.03587370967721831,0.02454455577754415
delete-node_Block_If,0,0.9953298076322938,0.9829210696403763,-0.012408737991917551
delete-node_Block_If,1,0.004670192367706252,0.017078930359622962,0.012408737991916712
delete-node_Catch_Try,0,0.9977600296628347,0.9962075133779926,-0.0015525162848420981
delete-node_Catch_Try,1,0.0022399703371651578,0.003792486622007143,0.0015525162848419854
delete-node_ConstructorCall_Invocation,0,0.9954745454288619,0.995166303877676,-0.0003082415511859171
delete-node_ConstructorCall_Invocation,1,0.004525454571138283,0.004833696122323675,0.0003082415511853915
delete-node_ConstructorCall_LocalVariable,0,0.9939338964023139,0.9994010759274364,0.005467179525122545
delete-node_ConstructorCall_LocalVariable,1,0.006066103597686505,0.000598924072563483,-0.005467179525123022
delete-node_FieldRead_ConstructorCall,0,0.9990076182157562,0.9903392961028772,-0.008668322112879046
delete-node_FieldRead_ConstructorCall,1,0.0009923817842437358,0.009660703897122229,0.008668322112878492
delete-node_FieldRead_Return,0,0.9991859540301633,0.9987221356060817,-0.0004638184240816079
delete-node_FieldRead_Return,1,0.0008140459698366476,0.0012778643939182082,0.0004638184240815606
delete-node_If_Block,0,0.9473574486804751,0.8018338868698605,-0.14552356181061465
delete-node_If_Block,1,0.05264255131952629,0.1981661131301272,0.1455235618106009
delete-node_Invocation_BinaryOperator,0,0.9945644590383189,0.9911221755879102,-0.0034422834504087563
delete-node_Invocation_BinaryOperator,1,0.005435540961681466,0.008877824412089369,0.003442283450407903
delete-node_Invocation_Block,0,0.947980797684907,0.823894941842732,-0.12408585584217491
delete-node_Invocation_Block,1,0.05201920231509511,0.17610505815725686,0.12408585584216175
delete-node_Invocation_ConstructorCall,0,0.9997964885075409,0.9930139762897994,-0.00678251221774151
delete-node_Invocation_ConstructorCall,1,0.0002035114924591619,0.006986023710200217,0.006782512217741055
delete-node_Invocation_Invocation,0,0.9811052629759174,0.9504306803201484,-0.030674582655768945
delete-node_Invocation_Invocation,1,0.018894737024083383,0.049569319679848727,0.030674582655765344
delete-node_Invocation_LocalVariable,0,0.9963925689312694,0.9758701396926444,-0.020522429238625017
delete-node_Invocation_LocalVariable,1,0.0036074310687308135,0.024129860307354214,0.0205224292386234
delete-node_Invocation_Return,0,0.9931260318118876,0.991159862833635,-0.001966168978252636
delete-node_Invocation_Return,1,0.006873968188112599,0.008840137166364526,0.0019661689782519273
delete-node_LocalVariable_Block,0,0.9290925688626647,0.8689255640393795,-0.060167004823285186
delete-node_LocalVariable_Block,1,0.07090743113733841,0.13107443596061283,0.06016700482327442
delete-node_Parameter_Method,0,0.9947506302123793,0.9748251900726136,-0.019925440139765715
delete-node_Parameter_Method,1,0.005249369787621108,0.025174809927384988,0.01992544013976388
delete-node_TypeAccess_Invocation,0,0.9918212128881628,0.9803047034967074,-0.011516509391455432
delete-node_TypeAccess_Invocation,1,0.008178787111837489,0.01969529650329131,0.01151650939145382
delete-node_TypeReference_Invocation,0,0.9950183398401594,0.9991016138911547,0.004083274050995289
delete-node_TypeReference_Invocation,1,0.0049816601598407974,0.0008983861088452245,-0.004083274050995573
delete-node_VariableRead_Invocation,0,0.97603342071226,0.956435245690786,-0.019598175021473985
delete-node_VariableRead_Invocation,1,0.023966579287741183,0.04356475430921113,0.01959817502146995
delete-node_VirtualElement_Annotation,0,0.9979497961282878,0.9939512466264377,-0.003998549501850079
delete-node_VirtualElement_Annotation,1,0.002050203871711979,0.00604875337356182,0.003998549501849841
insert-node_Annotation_Method,0,0.9772598547618069,0.992342796953924,0.015082942192117144
insert-node_Annotation_Method,1,0.022740145238193992,0.007657203046075691,-0.015082942192118302
insert-node_Annotation_Parameter,0,0.9947750489504504,1.0,0.005224951049549564
insert-node_Annotation_Parameter,1,0.005224951049549635,0.0,-0.005224951049549635
insert-node_BinaryOperator_If,0,0.9728653128686879,0.9892159728410845,0.016350659972396597
insert-node_BinaryOperator_If,1,0.027134687131313374,0.01078402715891475,-0.016350659972398623
insert-node_Block_If,0,0.9861091460723005,0.9967215240585263,0.01061237798622583
insert-node_Block_If,1,0.013890853927699997,0.00327847594147352,-0.010612377986226476
insert-node_ConstructorCall_Invocation,0,0.9964051310950638,0.9951446032947435,-0.0012605278003202658
insert-node_ConstructorCall_Invocation,1,0.0035948689049363517,0.004855396705256257,0.001260527800319905
insert-node_ConstructorCall_LocalVariable,0,0.9980152364315125,0.9954847831479743,-0.002530453283538181
insert-node_ConstructorCall_LocalVariable,1,0.0019847635684874716,0.0045152168520256305,0.002530453283538159
insert-node_FieldRead_ConstructorCall,0,0.9896324525992934,0.9984842837304118,0.008851831131118315
insert-node_FieldRead_ConstructorCall,1,0.010367547400706875,0.0015157162695882149,-0.00885183113111866
insert-node_FieldRead_Return,0,0.9993894655226224,0.9975058813727752,-0.0018835841498472394
insert-node_FieldRead_Return,1,0.0006105344773774857,0.0024941186272246815,0.0018835841498471958
insert-node_Invocation_ConstructorCall,0,0.99492412856749,0.9994010759274364,0.004476947359946415
insert-node_Invocation_ConstructorCall,1,0.0050758714325102,0.000598924072563483,-0.004476947359946718
insert-node_Invocation_Invocation,0,0.9416031490646689,0.974192540220615,0.03258939115594606
insert-node_Invocation_Invocation,1,0.05839685093533366,0.02580745977938332,-0.03258939115595034
insert-node_Invocation_LocalVariable,0,0.9738467454948662,0.9969458669892554,0.023099121494389196
insert-node_Invocation_LocalVariable,1,0.026153254505135257,0.003054133010744403,-0.023099121494390855
insert-node_Invocation_Return,0,0.990046729171679,0.9908454140231963,0.0007986848515172396
insert-node_Invocation_Return,1,0.009953270828321462,0.009154585976803136,-0.0007986848515183255
insert-node_Parameter_Method,0,0.9723841067697279,0.9933740236119623,0.02098991684223439
insert-node_Parameter_Method,1,0.027615893230273556,0.0066259763880373605,-0.020989916842236195
insert-node_TypeAccess_Invocation,0,0.9832119261675607,0.9932411830627692,0.010029256895208505
insert-node_TypeAccess_Invocation,1,0.016788073832440104,0.006758816937230465,-0.01002925689520964
insert-node_TypeReference_Invocation,0,0.9995929770150818,0.9961566125317679,-0.0034363644833138585
insert-node_TypeReference_Invocation,1,0.0004070229849183238,0.0038433874682318593,0.0034363644833135354
insert-node_VariableRead_Invocation,0,0.9602026476344632,0.9752681435688049,0.0150654959343417
insert-node_VariableRead_Invocation,1,0.039797352365538406,0.024731856431193827,-0.015065495934344579
insert-node_VirtualElement_Annotation,0,0.9947373704132959,0.9999199837512087,0.005182613337912811
insert-node_VirtualElement_Annotation,1,0.005262629586704332,8.001624879124234e-05,-0.00518261333791309
move-tree_BinaryOperator_Assignment,0,0.9992801653028327,0.9974087808371422,-0.0018713844656904621
move-tree_BinaryOperator_Assignment,1,0.0007198346971672468,0.0025912191628575387,0.001871384465690292
move-tree_BinaryOperator_LocalVariable,0,0.9967305563215704,0.993410638219733,-0.0033199181018374047
move-tree_BinaryOperator_LocalVariable,1,0.0032694436784298166,0.006589361780266643,0.0033199181018368266
move-tree_UnaryOperator_BinaryOperator,0,0.9967911695764006,0.9956836090529628,-0.001107560523437745
move-tree_UnaryOperator_BinaryOperator,1,0.0032088304235995354,0.004316390947036975,0.0011075605234374393
move-tree_VariableRead_BinaryOperator,0,0.9812038134775672,0.9811750466589659,-2.876681860131125e-05
move-tree_VariableRead_BinaryOperator,1,0.018796186522433218,0.01882495334103288,2.8766818599663263e-05
update-node_TypeAccess_ThisAccess,0,0.9824456029833387,0.9794635354296716,-0.002982067553667145
update-node_TypeAccess_ThisAccess,1,0.01755439701666219,0.020536464570327227,0.002982067553665039
